{
  "uncalibrated": {
    "brier": 0.2126629817053056,
    "auc": 0.702123700780729,
    "ece": 0.15111403947278318,
    "mce": 0.23638450085639506,
    "calibration_curve": [
      "[0.         0.08791209 0.1369863  0.18536585 0.22307692 0.35189873\n 0.49201278 0.59302326 0.6        1.        ]",
      "[0.09832193 0.16012135 0.25385997 0.35246503 0.44683557 0.55951922\n 0.64045382 0.73858399 0.8363845  0.90512905]"
    ]
  },
  "isotonic": {
    "brier": 0.1830495580211448,
    "auc": 0.6986259562609993,
    "ece": 0.10150012925542806,
    "mce": 0.4912303992062006,
    "calibration_curve": [
      "[0.08474576 0.1441048  0.23626374 0.40251572 0.54347826 0.6035503\n 0.5       ]",
      "[0.06570119 0.15255681 0.24810051 0.37633192 0.44565217 0.54762304\n 0.9912304 ]"
    ]
  },
  "platt": {
    "brier": 0.18290631207197772,
    "auc": 0.702123700780729,
    "ece": 0.061698708395429784,
    "mce": 0.24690072513791117,
    "calibration_curve": [
      "[0.1025641  0.1349353  0.232358   0.37526205 0.51914894 0.56923077\n 0.70588235 0.5       ]",
      "[0.07878061 0.15254435 0.2453262  0.35689354 0.43960853 0.53898741\n 0.64170642 0.74690073]"
    ]
  },
  "conformal": {
    "coverage": 0.916,
    "avg_width": 0.9669259259450548,
    "quantile_q": 0.6488058378519597,
    "target_alpha": 0.1
  },
  "model_params": {
    "n_estimators": 200,
    "max_depth": 8,
    "class_weight": "balanced"
  },
  "timestamp": "2026-07-23T17:23:08.681974"
}